Metric,XGBoost (Original),XGBoost (Balanced)
AUC,0.8715566944266496,0.8759128763613069
Error I (%),0.26905829596412556,1.6143497757847534
Error II (%),85.71428571428571,85.71428571428571
